{
  "primaryColorHex":   "1E88E5",
  "secondaryColorHex": "424242",
  "accentColorHex":    "FFC107",
  "headingFontName":   "CourierNewPS-BoldMT",
  "bodyFontName":      "KohinoorBangla-Light",
  "cornerRadius":      8,
  "iconSetName":       "DefaultIcons",
  "fontSizeSmall":  12,
  "fontSizeMedium": 16,
  "fontSizeLarge":  24
  "spacingSmall":   4,
  "spacingMedium":  8,
  "spacingLarge":   16,
  "primaryTextColorHex":       "263238",
  "secondaryTextColorHex":     "607D8B",
  "accentPrimaryHex":          "FFB300",
  "accentSecondaryHex":        "00838F",
  "overlayBackgroundRGBA":     [255, 255, 255, 0.8],
  "backgroundImageName": "circuit"
}
